-- --------------------------------------------------------
-- 호스트:                          127.0.0.1
-- 서버 버전:                        11.3.2-MariaDB - mariadb.org binary distribution
-- 서버 OS:                        Win64
-- HeidiSQL 버전:                  12.6.0.6765
-- --------------------------------------------------------

/*!40101 SET @OLD_CHARACTER_SET_CLIENT=@@CHARACTER_SET_CLIENT */;
/*!40101 SET NAMES utf8 */;
/*!50503 SET NAMES utf8mb4 */;
/*!40103 SET @OLD_TIME_ZONE=@@TIME_ZONE */;
/*!40103 SET TIME_ZONE='+00:00' */;
/*!40014 SET @OLD_FOREIGN_KEY_CHECKS=@@FOREIGN_KEY_CHECKS, FOREIGN_KEY_CHECKS=0 */;
/*!40101 SET @OLD_SQL_MODE=@@SQL_MODE, SQL_MODE='NO_AUTO_VALUE_ON_ZERO' */;
/*!40111 SET @OLD_SQL_NOTES=@@SQL_NOTES, SQL_NOTES=0 */;


-- comma 데이터베이스 구조 내보내기
CREATE DATABASE IF NOT EXISTS `comma` /*!40100 DEFAULT CHARACTER SET utf8mb4 COLLATE utf8mb4_bin */;
USE `comma`;

-- 테이블 comma.addon 구조 내보내기
CREATE TABLE IF NOT EXISTS `addon` (
  `addon_key` bigint(20) NOT NULL AUTO_INCREMENT,
  `shelter_key` bigint(20) NOT NULL,
  `title` varchar(255) NOT NULL,
  `url` varchar(255) NOT NULL,
  `status` varchar(50) DEFAULT NULL,
  `created_at` timestamp NULL DEFAULT current_timestamp(),
  `updated_at` timestamp NULL DEFAULT current_timestamp() ON UPDATE current_timestamp(),
  PRIMARY KEY (`addon_key`),
  KEY `shelter_key` (`shelter_key`),
  CONSTRAINT `addon_ibfk_1` FOREIGN KEY (`shelter_key`) REFERENCES `shelter` (`shelter_key`)
) ENGINE=InnoDB AUTO_INCREMENT=4 DEFAULT CHARSET=utf8mb4 COLLATE=utf8mb4_bin;

-- 테이블 데이터 comma.addon:~3 rows (대략적) 내보내기
INSERT IGNORE INTO `addon` (`addon_key`, `shelter_key`, `title`, `url`, `status`, `created_at`, `updated_at`) VALUES
	(1, 1, '계산기1', 'test1', '0', '2024-10-19 17:20:04', '2024-10-20 01:11:08'),
	(2, 1, '계산기2', 'test2', '0', '2024-10-19 17:20:04', '2024-10-20 01:11:09'),
	(3, 1, '계산기3', 'test3', '0', '2024-10-19 17:20:04', '2024-10-20 01:11:10');

-- 테이블 comma.badge 구조 내보내기
CREATE TABLE IF NOT EXISTS `badge` (
  `badge_key` bigint(20) NOT NULL AUTO_INCREMENT,
  `name` varchar(255) NOT NULL,
  `price` int(11) NOT NULL,
  `status` int(11) DEFAULT NULL COMMENT '0: 사용\r\n1: 미사용',
  `file` varchar(50) DEFAULT NULL,
  `tier` int(11) DEFAULT NULL,
  `created_at` timestamp NULL DEFAULT current_timestamp(),
  PRIMARY KEY (`badge_key`)
) ENGINE=InnoDB AUTO_INCREMENT=93 DEFAULT CHARSET=utf8mb4 COLLATE=utf8mb4_bin;

-- 테이블 데이터 comma.badge:~87 rows (대략적) 내보내기
INSERT IGNORE INTO `badge` (`badge_key`, `name`, `price`, `status`, `file`, `tier`, `created_at`) VALUES
	(6, 'test', 500, 0, 'test.svg', 1, '2024-10-21 20:35:01'),
	(7, 'test', 500, 0, 'test.svg', 2, '2024-10-21 20:35:03'),
	(8, 'test', 500, 0, 'test.svg', 3, '2024-10-21 20:35:06'),
	(9, 'test', 500, 0, 'test.svg', 4, '2024-10-21 20:35:09'),
	(10, 'test', 500, 0, 'test.svg', 5, '2024-10-21 20:35:12'),
	(11, 'test', 500, 0, 'test.svg', 6, '2024-10-21 20:35:14'),
	(12, 'test', 500, 0, 'test.svg', 7, '2024-10-21 20:35:17'),
	(13, 'test1', 500, 0, 'test1.svg', 7, '2024-10-23 13:41:19'),
	(14, 'stadia_controller', 500, 0, 'stadia_controller.svg', 1, '2024-10-23 21:35:19'),
	(15, 'apparel', 500, 0, 'apparel.svg', 1, '2024-10-23 21:35:41'),
	(16, '', 500, 0, 'umbrella.svg', 1, '2024-10-23 21:45:46'),
	(17, '', 500, 0, 'humidity_high.svg', 1, '2024-10-23 21:45:51'),
	(18, '', 500, 0, 'mode_heat.svg', 1, '2024-10-23 21:45:55'),
	(19, '', 500, 0, 'electric_bolt.svg', 1, '2024-10-23 21:46:01'),
	(20, '', 500, 0, 'sports_bar.svg', 1, '2024-10-23 21:46:16'),
	(21, '', 500, 0, 'local_bar.svg', 1, '2024-10-23 21:46:35'),
	(22, '', 500, 0, 'sports_bar.svg', 1, '2024-10-23 21:46:44'),
	(23, '', 500, 0, 'fitness_center.svg', 1, '2024-10-23 21:46:48'),
	(24, '', 500, 0, 'lunch_dining.svg', 1, '2024-10-23 21:46:52'),
	(25, '', 500, 0, 'local_bar.svg', 1, '2024-10-23 21:46:55'),
	(26, '', 500, 0, 'verified_user.svg', 1, '2024-10-23 21:46:59'),
	(27, '', 500, 0, 'dark_mode.svg', 1, '2024-10-23 21:47:02'),
	(28, '', 500, 0, 'light_mode.svg', 1, '2024-10-23 21:47:05'),
	(29, '', 500, 0, 'nightlight.svg', 1, '2024-10-23 21:47:09'),
	(30, '', 500, 0, 'memory.svg', 1, '2024-10-23 21:47:13'),
	(31, '', 500, 0, 'fertile.svg', 1, '2024-10-23 21:47:20'),
	(32, '', 500, 0, 'sports_volleyball.svg', 1, '2024-10-23 21:47:24'),
	(33, '', 500, 0, 'sports_football.svg', 1, '2024-10-23 21:47:31'),
	(34, '', 500, 0, 'sports_basketball.svg', 1, '2024-10-23 21:47:34'),
	(35, '', 500, 0, 'sports_soccer.svg', 1, '2024-10-23 21:47:38'),
	(36, '', 500, 0, 'cake.svg', 1, '2024-10-23 21:48:08'),
	(37, '', 500, 0, 'sports_esports.svg', 1, '2024-10-23 21:48:12'),
	(38, '', 500, 0, 'school.svg', 1, '2024-10-23 21:48:15'),
	(39, '', 500, 0, 'snowmobile.svg', 1, '2024-10-23 21:48:18'),
	(40, '', 500, 0, 'directions_boat.svg', 1, '2024-10-23 21:48:22'),
	(41, '', 500, 0, 'pedal_bike.svg', 1, '2024-10-23 21:48:27'),
	(42, '', 500, 0, 'two_wheeler.svg', 1, '2024-10-23 21:48:35'),
	(43, '', 500, 0, 'directions_run.svg', 1, '2024-10-23 21:48:39'),
	(44, '', 500, 0, 'flight.svg', 1, '2024-10-23 21:48:42'),
	(45, '', 500, 0, 'local_taxi.svg', 1, '2024-10-23 21:48:45'),
	(46, '', 500, 0, 'train.svg', 1, '2024-10-23 21:48:48'),
	(47, '', 500, 0, 'directions_bus.svg', 1, '2024-10-23 21:48:51'),
	(48, '', 500, 0, 'local_shipping.svg', 1, '2024-10-23 21:48:54'),
	(49, '', 500, 0, 'music_note.svg', 1, '2024-10-23 21:48:57'),
	(50, '', 500, 0, 'asterisk.svg', 1, '2024-10-23 21:49:01'),
	(51, '', 500, 0, 'beenhere.svg', 1, '2024-10-23 21:49:05'),
	(52, '', 500, 0, 'park.svg', 1, '2024-10-23 21:49:09'),
	(53, '', 500, 0, 'emergency.svg', 1, '2024-10-23 21:49:13'),
	(54, '', 500, 0, 'payments.svg', 1, '2024-10-23 21:49:17'),
	(55, '', 500, 0, 'account_balance.svg', 1, '2024-10-23 21:49:20'),
	(56, '', 500, 0, 'work.svg', 1, '2024-10-23 21:49:24'),
	(57, '', 500, 0, 'savings.svg', 1, '2024-10-23 21:49:27'),
	(58, '', 500, 0, 'sell.svg', 1, '2024-10-23 21:49:30'),
	(59, '', 500, 0, 'attach_money.svg', 1, '2024-10-23 21:49:33'),
	(60, '', 500, 0, 'shopping_cart.svg', 1, '2024-10-23 21:49:37'),
	(61, '', 500, 0, 'brush.svg', 1, '2024-10-23 21:49:40'),
	(62, '', 500, 0, 'palette.svg', 1, '2024-10-23 21:49:44'),
	(63, '', 500, 0, 'award_star.svg', 1, '2024-10-23 21:49:49'),
	(64, '', 500, 0, 'license.svg', 1, '2024-10-23 21:49:52'),
	(65, '', 500, 0, 'hotel_class.svg', 1, '2024-10-23 21:49:56'),
	(66, '', 500, 0, 'celebration.svg', 1, '2024-10-23 21:50:08'),
	(67, '', 500, 0, 'bug_report.svg', 1, '2024-10-23 21:50:11'),
	(68, '', 500, 0, 'account_circle.svg', 1, '2024-10-23 21:50:14'),
	(69, '', 500, 0, 'family_star.svg', 1, '2024-10-23 21:50:17'),
	(70, '', 500, 0, 'kid_star.svg', 1, '2024-10-23 21:50:21'),
	(71, '', 500, 0, 'barefoot.svg', 1, '2024-10-23 21:50:24'),
	(72, '', 500, 0, 'psychiatry.svg', 1, '2024-10-23 21:50:28'),
	(73, '', 500, 0, 'identity_platform.svg', 1, '2024-10-23 21:50:30'),
	(74, '', 500, 0, 'egg.svg', 1, '2024-10-23 21:50:33'),
	(75, '', 500, 0, 'skull.svg', 1, '2024-10-23 21:50:36'),
	(76, '', 500, 0, 'emoji_events.svg', 1, '2024-10-23 21:50:39'),
	(77, '', 500, 0, 'cookie.svg', 1, '2024-10-23 21:50:43'),
	(78, '', 500, 0, 'rocket.svg', 1, '2024-10-23 21:50:45'),
	(79, '', 500, 0, 'sentiment_neutral.svg', 1, '2024-10-23 21:50:48'),
	(80, '', 500, 0, 'sentiment_very_dissatisfied.svg', 1, '2024-10-23 21:50:51'),
	(81, '', 500, 0, 'sentiment_very_satisfied.svg', 1, '2024-10-23 21:50:58'),
	(82, '', 500, 0, 'sentiment_dissatisfied.svg', 1, '2024-10-23 21:51:02'),
	(83, '', 500, 0, 'mood.svg', 1, '2024-10-23 21:51:06'),
	(84, '', 500, 0, 'military_tech.svg', 1, '2024-10-23 21:51:09'),
	(85, '', 500, 0, 'pets.svg', 1, '2024-10-23 21:51:12'),
	(86, '', 500, 0, 'workspace_premium.svg', 1, '2024-10-23 21:51:15'),
	(87, '', 500, 0, 'rocket_launch.svg', 1, '2024-10-23 21:51:18'),
	(88, '', 500, 0, 'person.svg', 1, '2024-10-23 21:51:22'),
	(89, '', 500, 0, 'deployed_code.svg', 1, '2024-10-23 21:51:25'),
	(90, '', 500, 0, 'bolt.svg', 1, '2024-10-23 21:51:32'),
	(91, '', 500, 0, 'favorite.svg', 1, '2024-10-23 21:51:36'),
	(92, '', 500, 0, 'star.svg', 1, '2024-10-23 21:51:39');

-- 테이블 comma.category 구조 내보내기
CREATE TABLE IF NOT EXISTS `category` (
  `category_key` bigint(20) NOT NULL AUTO_INCREMENT,
  `shelter_key` bigint(20) NOT NULL,
  `title_group` varchar(255) NOT NULL,
  `title` varchar(255) NOT NULL,
  `image` blob DEFAULT NULL,
  `status` int(11) DEFAULT NULL COMMENT '0: 사용\r\n1: 미사용',
  `created_at` timestamp NULL DEFAULT current_timestamp(),
  `updated_at` timestamp NULL DEFAULT current_timestamp() ON UPDATE current_timestamp(),
  PRIMARY KEY (`category_key`),
  KEY `shelter_key` (`shelter_key`),
  CONSTRAINT `category_ibfk_1` FOREIGN KEY (`shelter_key`) REFERENCES `shelter` (`shelter_key`)
) ENGINE=InnoDB AUTO_INCREMENT=7 DEFAULT CHARSET=utf8mb4 COLLATE=utf8mb4_bin;

-- 테이블 데이터 comma.category:~6 rows (대략적) 내보내기
INSERT IGNORE INTO `category` (`category_key`, `shelter_key`, `title_group`, `title`, `image`, `status`, `created_at`, `updated_at`) VALUES
	(1, 1, '공지사항', '공지1', NULL, 0, '2024-10-19 14:47:21', '2024-10-19 17:22:12'),
	(2, 1, '공지사항', '공지2', NULL, 0, '2024-10-19 14:47:21', '2024-10-19 17:22:15'),
	(3, 1, '공지사항', '공지3', NULL, 0, '2024-10-19 14:47:21', '2024-10-19 17:22:17'),
	(4, 1, '공지사항2', '공지21', NULL, 0, '2024-10-19 14:47:21', '2024-10-19 20:24:21'),
	(5, 1, '공지사항2', '공지22', NULL, 0, '2024-10-19 14:47:21', '2024-10-19 20:24:24'),
	(6, 1, '공지사항2', '공지23', NULL, 0, '2024-10-19 14:47:21', '2024-10-19 20:24:26');

-- 테이블 comma.comment 구조 내보내기
CREATE TABLE IF NOT EXISTS `comment` (
  `comment_key` bigint(20) NOT NULL AUTO_INCREMENT,
  `post_key` bigint(20) NOT NULL,
  `user_key` bigint(20) NOT NULL,
  `parent_comment_key` bigint(20) DEFAULT NULL,
  `content` text NOT NULL,
  `created_at` timestamp NULL DEFAULT current_timestamp(),
  `updated_at` timestamp NULL DEFAULT current_timestamp() ON UPDATE current_timestamp(),
  PRIMARY KEY (`comment_key`),
  KEY `post_key` (`post_key`),
  KEY `user_key` (`user_key`),
  KEY `parent_comment_key` (`parent_comment_key`) USING BTREE,
  CONSTRAINT `comment_ibfk_1` FOREIGN KEY (`post_key`) REFERENCES `post` (`post_key`),
  CONSTRAINT `comment_ibfk_2` FOREIGN KEY (`user_key`) REFERENCES `user` (`user_key`)
) ENGINE=InnoDB AUTO_INCREMENT=37 DEFAULT CHARSET=utf8mb4 COLLATE=utf8mb4_bin;

-- 테이블 데이터 comma.comment:~31 rows (대략적) 내보내기
INSERT IGNORE INTO `comment` (`comment_key`, `post_key`, `user_key`, `parent_comment_key`, `content`, `created_at`, `updated_at`) VALUES
	(1, 346, 7, 1, 'a', '2024-10-21 22:33:48', '2024-10-21 22:56:25'),
	(2, 346, 7, 2, 'b', '2024-10-21 22:35:29', '2024-10-21 22:56:25'),
	(4, 346, 7, 4, 'c', '2024-10-21 22:38:45', '2024-10-21 22:56:28'),
	(5, 346, 7, 5, 'd', '2024-10-21 22:39:05', '2024-10-21 22:56:29'),
	(10, 346, 7, 1, 'a-1', '2024-10-21 22:54:42', '2024-10-21 22:56:32'),
	(11, 346, 7, 11, 'e', '2024-10-21 22:55:49', '2024-10-21 22:56:33'),
	(12, 346, 7, 2, 'b-1', '2024-10-21 22:58:10', '2024-10-21 22:58:40'),
	(13, 346, 7, 2, 'b-2', '2024-10-21 22:58:13', '2024-10-21 22:58:41'),
	(14, 346, 7, 14, 'h', '2024-10-21 22:58:14', '2024-10-21 22:58:14'),
	(15, 355, 7, 15, 'gdgd', '2024-10-22 18:55:27', '2024-10-22 18:55:27'),
	(16, 355, 7, 16, 'gdgd1', '2024-10-22 18:55:29', '2024-10-22 18:55:29'),
	(17, 355, 7, 17, 'gdgd2', '2024-10-22 18:55:31', '2024-10-22 18:55:31'),
	(18, 355, 7, 18, 'gdgd', '2024-10-22 20:33:46', '2024-10-22 20:33:46'),
	(19, 355, 7, 19, '안녕하세요5', '2024-10-22 20:33:59', '2024-10-22 20:33:59'),
	(20, 355, 7, 20, '안녕하세요5-1', '2024-10-22 20:34:08', '2024-10-22 20:34:08'),
	(21, 355, 7, 15, 'gdgd-1', '2024-10-22 20:34:26', '2024-10-22 20:34:47'),
	(22, 355, 7, 22, 'gdgd-2', '2024-10-22 20:35:35', '2024-10-22 20:35:35'),
	(23, 355, 7, 23, 'gdgd-3', '2024-10-22 20:36:10', '2024-10-22 20:36:10'),
	(24, 355, 7, 24, 'gdgd-2', '2024-10-22 20:38:56', '2024-10-22 20:38:56'),
	(25, 355, 7, 15, 'gdgd123', '2024-10-22 20:41:37', '2024-10-22 20:41:37'),
	(26, 355, 7, 26, 'gdgd1234', '2024-10-22 20:41:48', '2024-10-22 20:41:48'),
	(27, 356, 7, 27, 'gdgd', '2024-10-23 13:36:49', '2024-10-23 13:36:49'),
	(28, 356, 7, 28, '1', '2024-10-23 13:36:55', '2024-10-23 13:36:55'),
	(29, 356, 7, 29, '2', '2024-10-23 13:36:56', '2024-10-23 13:36:56'),
	(30, 356, 7, 30, '3', '2024-10-23 13:36:57', '2024-10-23 13:36:57'),
	(31, 356, 7, 31, '4', '2024-10-23 13:36:58', '2024-10-23 13:36:58'),
	(32, 356, 7, 32, '5', '2024-10-23 13:36:59', '2024-10-23 13:36:59'),
	(33, 356, 7, 28, '1-1', '2024-10-23 13:37:24', '2024-10-23 13:37:24'),
	(34, 356, 7, 34, '6', '2024-10-23 13:37:50', '2024-10-23 13:37:50'),
	(35, 356, 7, 30, '3-1', '2024-10-23 13:37:59', '2024-10-23 13:37:59'),
	(36, 356, 9, 36, 'gdgd', '2024-10-23 13:39:24', '2024-10-23 13:39:24');

-- 테이블 comma.comment_like 구조 내보내기
CREATE TABLE IF NOT EXISTS `comment_like` (
  `comment_like_key` bigint(20) NOT NULL AUTO_INCREMENT,
  `comment_key` bigint(20) NOT NULL,
  `user_key` bigint(20) NOT NULL,
  `created_at` timestamp NULL DEFAULT current_timestamp(),
  PRIMARY KEY (`comment_like_key`),
  KEY `comment_key` (`comment_key`),
  KEY `user_key` (`user_key`),
  CONSTRAINT `comment_like_ibfk_1` FOREIGN KEY (`comment_key`) REFERENCES `comment` (`comment_key`),
  CONSTRAINT `comment_like_ibfk_2` FOREIGN KEY (`user_key`) REFERENCES `user` (`user_key`)
) ENGINE=InnoDB AUTO_INCREMENT=10 DEFAULT CHARSET=utf8mb4 COLLATE=utf8mb4_bin;

-- 테이블 데이터 comma.comment_like:~7 rows (대략적) 내보내기
INSERT IGNORE INTO `comment_like` (`comment_like_key`, `comment_key`, `user_key`, `created_at`) VALUES
	(3, 16, 7, '2024-10-22 19:24:51'),
	(4, 17, 7, '2024-10-22 20:39:52'),
	(5, 18, 7, '2024-10-22 20:39:58'),
	(6, 19, 7, '2024-10-22 20:40:00'),
	(7, 33, 7, '2024-10-23 13:37:37'),
	(8, 28, 7, '2024-10-23 13:37:39'),
	(9, 27, 7, '2024-10-23 13:37:40');

-- 테이블 comma.level 구조 내보내기
CREATE TABLE IF NOT EXISTS `level` (
  `level` int(11) NOT NULL,
  `require_exp` int(11) NOT NULL,
  `storage_exp` int(11) NOT NULL,
  PRIMARY KEY (`level`)
) ENGINE=InnoDB DEFAULT CHARSET=utf8mb4 COLLATE=utf8mb4_bin;

-- 테이블 데이터 comma.level:~100 rows (대략적) 내보내기
INSERT IGNORE INTO `level` (`level`, `require_exp`, `storage_exp`) VALUES
	(1, 110, 0),
	(2, 120, 110),
	(3, 130, 230),
	(4, 140, 360),
	(5, 150, 500),
	(6, 160, 650),
	(7, 170, 810),
	(8, 180, 980),
	(9, 290, 1160),
	(10, 300, 1450),
	(11, 310, 1750),
	(12, 320, 2060),
	(13, 330, 2380),
	(14, 340, 2710),
	(15, 350, 3050),
	(16, 360, 3400),
	(17, 370, 3760),
	(18, 380, 4130),
	(19, 490, 4510),
	(20, 500, 5000),
	(21, 510, 5500),
	(22, 520, 6010),
	(23, 530, 6530),
	(24, 540, 7060),
	(25, 550, 7600),
	(26, 560, 8150),
	(27, 570, 8710),
	(28, 580, 9280),
	(29, 690, 9860),
	(30, 700, 10550),
	(31, 710, 11250),
	(32, 720, 11960),
	(33, 730, 12680),
	(34, 740, 13410),
	(35, 750, 14150),
	(36, 760, 14900),
	(37, 770, 15660),
	(38, 780, 16430),
	(39, 890, 17210),
	(40, 900, 18100),
	(41, 910, 19000),
	(42, 920, 19910),
	(43, 930, 20830),
	(44, 940, 21760),
	(45, 950, 22700),
	(46, 960, 23650),
	(47, 970, 24610),
	(48, 980, 25580),
	(49, 1090, 26560),
	(50, 1100, 27650),
	(51, 1110, 28750),
	(52, 1120, 29860),
	(53, 1130, 30980),
	(54, 1140, 32110),
	(55, 1150, 33250),
	(56, 1160, 34400),
	(57, 1170, 35560),
	(58, 1180, 36730),
	(59, 1290, 37910),
	(60, 1300, 39200),
	(61, 1310, 40500),
	(62, 1320, 41810),
	(63, 1330, 43130),
	(64, 1340, 44460),
	(65, 1350, 45800),
	(66, 1360, 47150),
	(67, 1370, 48510),
	(68, 1380, 49880),
	(69, 1490, 51260),
	(70, 1500, 52750),
	(71, 1510, 54250),
	(72, 1520, 55760),
	(73, 1530, 57280),
	(74, 1540, 58810),
	(75, 1550, 60350),
	(76, 1560, 61900),
	(77, 1570, 63460),
	(78, 1580, 65030),
	(79, 1690, 66610),
	(80, 1700, 68300),
	(81, 1710, 70000),
	(82, 1720, 71710),
	(83, 1730, 73430),
	(84, 1740, 75160),
	(85, 1750, 76900),
	(86, 1760, 78650),
	(87, 1770, 80410),
	(88, 1780, 82180),
	(89, 1890, 83960),
	(90, 1900, 85850),
	(91, 1910, 87750),
	(92, 1920, 89660),
	(93, 1930, 91580),
	(94, 1940, 93510),
	(95, 1950, 95450),
	(96, 1960, 97400),
	(97, 1970, 99360),
	(98, 1980, 101330),
	(99, 2090, 103310),
	(100, 2200, 105400);

-- 테이블 comma.oauth 구조 내보내기
CREATE TABLE IF NOT EXISTS `oauth` (
  `oauth_key` bigint(20) NOT NULL AUTO_INCREMENT,
  `user_key` bigint(20) NOT NULL,
  `company` varchar(255) NOT NULL,
  `company_key` varchar(255) NOT NULL,
  `created_at` timestamp NULL DEFAULT current_timestamp(),
  PRIMARY KEY (`oauth_key`),
  KEY `user_key` (`user_key`),
  CONSTRAINT `oauth_ibfk_1` FOREIGN KEY (`user_key`) REFERENCES `user` (`user_key`)
) ENGINE=InnoDB DEFAULT CHARSET=utf8mb4 COLLATE=utf8mb4_bin;

-- 테이블 데이터 comma.oauth:~0 rows (대략적) 내보내기

-- 테이블 comma.post 구조 내보내기
CREATE TABLE IF NOT EXISTS `post` (
  `post_key` bigint(20) NOT NULL AUTO_INCREMENT,
  `category_key` bigint(20) NOT NULL,
  `tag_key` bigint(20) NOT NULL,
  `user_key` bigint(20) NOT NULL,
  `title` varchar(255) NOT NULL,
  `content` text NOT NULL,
  `views` int(11) DEFAULT 0,
  `status` int(11) NOT NULL DEFAULT 0 COMMENT '0: 사용\r\n1: 미사용',
  `created_at` timestamp NULL DEFAULT current_timestamp(),
  `updated_at` timestamp NULL DEFAULT current_timestamp() ON UPDATE current_timestamp(),
  PRIMARY KEY (`post_key`),
  KEY `category_key` (`category_key`),
  KEY `tag_key` (`tag_key`),
  KEY `user_key` (`user_key`),
  CONSTRAINT `post_ibfk_1` FOREIGN KEY (`category_key`) REFERENCES `category` (`category_key`),
  CONSTRAINT `post_ibfk_2` FOREIGN KEY (`tag_key`) REFERENCES `tag` (`tag_key`),
  CONSTRAINT `post_ibfk_3` FOREIGN KEY (`user_key`) REFERENCES `user` (`user_key`)
) ENGINE=InnoDB AUTO_INCREMENT=357 DEFAULT CHARSET=utf8mb4 COLLATE=utf8mb4_bin;

-- 테이블 데이터 comma.post:~356 rows (대략적) 내보내기
INSERT IGNORE INTO `post` (`post_key`, `category_key`, `tag_key`, `user_key`, `title`, `content`, `views`, `status`, `created_at`, `updated_at`) VALUES
	(1, 1, 1, 7, '1 제목', '1 내용', 0, 0, '2024-10-20 16:24:01', '2024-10-20 20:37:27'),
	(2, 1, 2, 7, '2 제목', '2 내용', 0, 0, '2024-10-20 16:24:02', '2024-10-20 20:37:27'),
	(3, 1, 1, 7, '3 제목', '3 내용', 0, 0, '2024-10-20 16:24:03', '2024-10-20 20:37:27'),
	(4, 1, 2, 7, '4 제목', '4 내용', 0, 0, '2024-10-20 16:24:04', '2024-10-20 20:37:27'),
	(5, 1, 1, 7, '5 제목', '5 내용', 0, 0, '2024-10-20 16:24:05', '2024-10-20 20:37:27'),
	(6, 1, 1, 7, '6 제목', '6 내용', 0, 0, '2024-10-20 16:24:06', '2024-10-20 20:37:27'),
	(7, 1, 1, 7, '7 제목', '7 내용', 0, 0, '2024-10-20 16:24:07', '2024-10-20 20:37:27'),
	(8, 1, 2, 7, '8 제목', '8 내용', 0, 0, '2024-10-20 16:24:08', '2024-10-20 20:37:27'),
	(9, 1, 1, 7, '9 제목', '9 내용', 0, 0, '2024-10-20 16:24:09', '2024-10-20 20:37:27'),
	(10, 1, 2, 7, '10 제목', '10 내용', 0, 0, '2024-10-20 16:24:10', '2024-10-20 20:37:27'),
	(11, 1, 1, 7, '11 제목', '11 내용', 0, 0, '2024-10-20 16:24:11', '2024-10-20 20:37:27'),
	(12, 1, 2, 7, '12 제목', '12 내용', 0, 0, '2024-10-20 16:24:12', '2024-10-20 20:37:27'),
	(13, 1, 1, 7, '13 제목', '13 내용', 0, 0, '2024-10-20 16:24:13', '2024-10-20 20:37:27'),
	(14, 1, 2, 7, '14 제목', '14 내용', 0, 0, '2024-10-20 16:24:14', '2024-10-20 20:37:27'),
	(15, 1, 1, 7, '15 제목', '15 내용', 0, 0, '2024-10-20 16:24:15', '2024-10-20 20:37:27'),
	(16, 1, 2, 7, '16 제목', '16 내용', 0, 0, '2024-10-20 16:24:16', '2024-10-20 20:37:27'),
	(17, 1, 1, 7, '17 제목', '17 내용', 0, 0, '2024-10-20 16:24:17', '2024-10-20 20:37:27'),
	(18, 1, 1, 7, '18 제목', '18 내용', 0, 0, '2024-10-20 16:24:18', '2024-10-20 20:37:27'),
	(19, 1, 1, 7, '19 제목', '19 내용', 0, 0, '2024-10-20 16:24:19', '2024-10-20 20:37:27'),
	(20, 1, 2, 7, '20 제목', '20 내용', 0, 0, '2024-10-20 16:24:20', '2024-10-20 20:37:27'),
	(21, 1, 1, 7, '21 제목', '21 내용', 0, 0, '2024-10-20 16:24:21', '2024-10-20 20:37:27'),
	(22, 1, 2, 7, '22 제목', '22 내용', 0, 0, '2024-10-20 16:24:22', '2024-10-20 20:37:27'),
	(23, 1, 1, 7, '23 제목', '23 내용', 0, 0, '2024-10-20 16:24:23', '2024-10-20 20:37:27'),
	(24, 1, 2, 7, '24 제목', '24 내용', 0, 0, '2024-10-20 16:24:24', '2024-10-20 20:37:27'),
	(25, 1, 1, 7, '25 제목', '25 내용', 0, 0, '2024-10-20 16:24:25', '2024-10-20 20:37:27'),
	(26, 1, 2, 7, '26 제목', '26 내용', 0, 0, '2024-10-20 16:24:26', '2024-10-20 20:37:27'),
	(27, 1, 1, 7, '27 제목', '27 내용', 0, 0, '2024-10-20 16:24:27', '2024-10-20 20:37:27'),
	(28, 1, 2, 7, '28 제목', '28 내용', 0, 0, '2024-10-20 16:24:28', '2024-10-20 20:37:27'),
	(29, 1, 1, 7, '29 제목', '29 내용', 0, 0, '2024-10-20 16:24:29', '2024-10-20 20:37:27'),
	(30, 1, 1, 7, '30 제목', '30 내용', 0, 0, '2024-10-20 16:24:30', '2024-10-20 20:37:27'),
	(31, 1, 1, 7, '31 제목', '31 내용', 0, 0, '2024-10-20 16:24:31', '2024-10-20 20:37:27'),
	(32, 1, 2, 7, '32 제목', '32 내용', 0, 0, '2024-10-20 16:24:32', '2024-10-20 20:37:27'),
	(33, 1, 1, 7, '33 제목', '33 내용', 0, 0, '2024-10-20 16:24:33', '2024-10-20 20:37:27'),
	(34, 1, 2, 7, '34 제목', '34 내용', 0, 0, '2024-10-20 16:24:34', '2024-10-20 20:37:27'),
	(35, 1, 1, 7, '35 제목', '35 내용', 0, 0, '2024-10-20 16:24:35', '2024-10-20 20:37:27'),
	(36, 1, 2, 7, '36 제목', '36 내용', 0, 0, '2024-10-20 16:24:36', '2024-10-20 20:37:27'),
	(37, 1, 1, 7, '37 제목', '37 내용', 0, 0, '2024-10-20 16:24:37', '2024-10-20 20:37:27'),
	(38, 1, 2, 7, '38 제목', '38 내용', 0, 0, '2024-10-20 16:24:38', '2024-10-20 20:37:27'),
	(39, 1, 1, 7, '39 제목', '39 내용', 0, 0, '2024-10-20 16:24:39', '2024-10-20 20:37:27'),
	(40, 1, 2, 7, '40 제목', '40 내용', 0, 0, '2024-10-20 16:24:40', '2024-10-20 20:37:27'),
	(41, 1, 1, 7, '41 제목', '41 내용', 0, 0, '2024-10-20 16:24:41', '2024-10-20 20:37:27'),
	(42, 1, 1, 7, '42 제목', '42 내용', 0, 0, '2024-10-20 16:24:42', '2024-10-20 20:37:27'),
	(43, 1, 1, 7, '43 제목', '43 내용', 0, 0, '2024-10-20 16:24:43', '2024-10-20 20:37:27'),
	(44, 1, 2, 7, '44 제목', '44 내용', 0, 0, '2024-10-20 16:24:44', '2024-10-20 20:37:27'),
	(45, 1, 1, 7, '45 제목', '45 내용', 0, 0, '2024-10-20 16:24:45', '2024-10-20 20:37:27'),
	(46, 1, 2, 7, '46 제목', '46 내용', 0, 0, '2024-10-20 16:24:46', '2024-10-20 20:37:27'),
	(47, 1, 1, 7, '47 제목', '47 내용', 0, 0, '2024-10-20 16:24:47', '2024-10-20 20:37:27'),
	(48, 1, 2, 7, '48 제목', '48 내용', 0, 0, '2024-10-20 16:24:48', '2024-10-20 20:37:27'),
	(49, 1, 1, 7, '49 제목', '49 내용', 0, 0, '2024-10-20 16:24:49', '2024-10-20 20:37:27'),
	(50, 1, 2, 7, '50 제목', '50 내용', 0, 0, '2024-10-20 16:24:50', '2024-10-20 20:37:27'),
	(51, 1, 1, 7, '51 제목', '51 내용', 0, 0, '2024-10-20 16:24:51', '2024-10-20 20:37:27'),
	(52, 1, 2, 7, '52 제목', '52 내용', 0, 0, '2024-10-20 16:24:52', '2024-10-20 20:37:27'),
	(53, 1, 1, 7, '53 제목', '53 내용', 0, 0, '2024-10-20 16:24:53', '2024-10-20 20:37:27'),
	(54, 1, 1, 7, '54 제목', '54 내용', 0, 0, '2024-10-20 16:24:54', '2024-10-20 20:37:27'),
	(55, 1, 1, 7, '55 제목', '55 내용', 0, 0, '2024-10-20 16:24:55', '2024-10-20 20:37:27'),
	(56, 1, 2, 7, '56 제목', '56 내용', 0, 0, '2024-10-20 16:24:56', '2024-10-20 20:37:27'),
	(57, 1, 1, 7, '57 제목', '57 내용', 0, 0, '2024-10-20 16:24:57', '2024-10-20 20:37:27'),
	(58, 1, 2, 7, '58 제목', '58 내용', 0, 0, '2024-10-20 16:24:58', '2024-10-20 20:37:27'),
	(59, 1, 1, 7, '59 제목', '59 내용', 0, 0, '2024-10-20 16:24:59', '2024-10-20 20:37:27'),
	(60, 1, 2, 7, '60 제목', '60 내용', 0, 0, '2024-10-20 16:25:00', '2024-10-20 20:37:27'),
	(61, 1, 1, 7, '61 제목', '61 내용', 0, 0, '2024-10-20 16:25:01', '2024-10-20 20:37:27'),
	(62, 1, 2, 7, '62 제목', '62 내용', 0, 0, '2024-10-20 16:25:02', '2024-10-20 20:37:27'),
	(63, 1, 1, 7, '63 제목', '63 내용', 0, 0, '2024-10-20 16:25:03', '2024-10-20 20:37:27'),
	(64, 1, 2, 7, '64 제목', '64 내용', 0, 0, '2024-10-20 16:25:04', '2024-10-20 20:37:27'),
	(65, 1, 1, 7, '65 제목', '65 내용', 0, 0, '2024-10-20 16:25:05', '2024-10-20 20:37:27'),
	(66, 1, 1, 7, '66 제목', '66 내용', 0, 0, '2024-10-20 16:25:06', '2024-10-20 20:37:27'),
	(67, 1, 1, 7, '67 제목', '67 내용', 0, 0, '2024-10-20 16:25:07', '2024-10-20 20:37:27'),
	(68, 1, 2, 7, '68 제목', '68 내용', 0, 0, '2024-10-20 16:25:08', '2024-10-20 20:37:27'),
	(69, 1, 1, 7, '69 제목', '69 내용', 0, 0, '2024-10-20 16:25:09', '2024-10-20 20:37:27'),
	(70, 1, 2, 7, '70 제목', '70 내용', 0, 0, '2024-10-20 16:25:10', '2024-10-20 20:37:27'),
	(71, 1, 1, 7, '71 제목', '71 내용', 0, 0, '2024-10-20 16:25:11', '2024-10-20 20:37:27'),
	(72, 1, 2, 7, '72 제목', '72 내용', 0, 0, '2024-10-20 16:25:12', '2024-10-20 20:37:27'),
	(73, 1, 1, 7, '73 제목', '73 내용', 0, 0, '2024-10-20 16:25:13', '2024-10-20 20:37:27'),
	(74, 1, 2, 7, '74 제목', '74 내용', 0, 0, '2024-10-20 16:25:14', '2024-10-20 20:37:27'),
	(75, 1, 1, 7, '75 제목', '75 내용', 0, 0, '2024-10-20 16:25:15', '2024-10-20 20:37:27'),
	(76, 1, 2, 7, '76 제목', '76 내용', 0, 0, '2024-10-20 16:25:16', '2024-10-20 20:37:27'),
	(77, 1, 1, 7, '77 제목', '77 내용', 0, 0, '2024-10-20 16:25:17', '2024-10-20 20:37:27'),
	(78, 1, 1, 7, '78 제목', '78 내용', 0, 0, '2024-10-20 16:25:18', '2024-10-20 20:37:27'),
	(79, 1, 1, 7, '79 제목', '79 내용', 0, 0, '2024-10-20 16:25:19', '2024-10-20 20:37:27'),
	(80, 1, 2, 7, '80 제목', '80 내용', 0, 0, '2024-10-20 16:25:20', '2024-10-20 20:37:27'),
	(81, 1, 1, 7, '81 제목', '81 내용', 0, 0, '2024-10-20 16:25:21', '2024-10-20 20:37:27'),
	(82, 1, 2, 7, '82 제목', '82 내용', 0, 0, '2024-10-20 16:25:22', '2024-10-20 20:37:27'),
	(83, 1, 1, 7, '83 제목', '83 내용', 0, 0, '2024-10-20 16:25:23', '2024-10-20 20:37:27'),
	(84, 1, 2, 7, '84 제목', '84 내용', 0, 0, '2024-10-20 16:25:24', '2024-10-20 20:37:27'),
	(85, 1, 1, 7, '85 제목', '85 내용', 0, 0, '2024-10-20 16:25:25', '2024-10-20 20:37:27'),
	(86, 1, 2, 7, '86 제목', '86 내용', 0, 0, '2024-10-20 16:25:26', '2024-10-20 20:37:27'),
	(87, 1, 1, 7, '87 제목', '87 내용', 0, 0, '2024-10-20 16:25:27', '2024-10-20 20:37:27'),
	(88, 1, 2, 7, '88 제목', '88 내용', 0, 0, '2024-10-20 16:25:28', '2024-10-20 20:37:27'),
	(89, 1, 1, 7, '89 제목', '89 내용', 0, 0, '2024-10-20 16:25:29', '2024-10-20 20:37:27'),
	(90, 1, 1, 7, '90 제목', '90 내용', 0, 0, '2024-10-20 16:25:30', '2024-10-20 20:37:27'),
	(91, 1, 1, 7, '91 제목', '91 내용', 0, 0, '2024-10-20 16:25:31', '2024-10-20 20:37:27'),
	(92, 1, 2, 7, '92 제목', '92 내용', 0, 0, '2024-10-20 16:25:32', '2024-10-20 20:37:27'),
	(93, 1, 1, 7, '93 제목', '93 내용', 0, 0, '2024-10-20 16:25:33', '2024-10-20 20:37:27'),
	(94, 1, 2, 7, '94 제목', '94 내용', 0, 0, '2024-10-20 16:25:34', '2024-10-20 20:37:27'),
	(95, 1, 1, 7, '95 제목', '95 내용', 0, 0, '2024-10-20 16:25:35', '2024-10-20 20:37:27'),
	(96, 1, 2, 7, '96 제목', '96 내용', 0, 0, '2024-10-20 16:25:36', '2024-10-20 20:37:27'),
	(97, 1, 1, 7, '97 제목', '97 내용', 0, 0, '2024-10-20 16:25:37', '2024-10-20 20:37:27'),
	(98, 1, 2, 7, '98 제목', '98 내용', 0, 0, '2024-10-20 16:25:38', '2024-10-20 20:37:27'),
	(99, 1, 1, 7, '99 제목', '99 내용', 0, 0, '2024-10-20 16:25:39', '2024-10-20 20:37:27'),
	(100, 1, 2, 7, '100 제목', '100 내용', 0, 0, '2024-10-20 16:25:40', '2024-10-20 20:37:27'),
	(101, 1, 1, 7, '101 제목', '101 내용', 0, 0, '2024-10-20 16:25:41', '2024-10-20 20:37:27'),
	(102, 1, 1, 7, '102 제목', '102 내용', 0, 0, '2024-10-20 16:25:42', '2024-10-20 20:37:27'),
	(103, 1, 1, 7, '103 제목', '103 내용', 0, 0, '2024-10-20 16:25:43', '2024-10-20 20:37:27'),
	(104, 1, 2, 7, '104 제목', '104 내용', 0, 0, '2024-10-20 16:25:44', '2024-10-20 20:37:27'),
	(105, 1, 1, 7, '105 제목', '105 내용', 0, 0, '2024-10-20 16:25:45', '2024-10-20 20:37:27'),
	(106, 1, 2, 7, '106 제목', '106 내용', 0, 0, '2024-10-20 16:25:46', '2024-10-20 20:37:27'),
	(107, 1, 1, 7, '107 제목', '107 내용', 0, 0, '2024-10-20 16:25:47', '2024-10-20 20:37:27'),
	(108, 1, 2, 7, '108 제목', '108 내용', 0, 0, '2024-10-20 16:25:48', '2024-10-20 20:37:27'),
	(109, 1, 1, 7, '109 제목', '109 내용', 0, 0, '2024-10-20 16:25:49', '2024-10-20 20:37:27'),
	(110, 1, 2, 7, '110 제목', '110 내용', 0, 0, '2024-10-20 16:25:50', '2024-10-20 20:37:27'),
	(111, 1, 1, 7, '111 제목', '111 내용', 0, 0, '2024-10-20 16:25:51', '2024-10-20 20:37:27'),
	(112, 1, 2, 7, '112 제목', '112 내용', 0, 0, '2024-10-20 16:25:52', '2024-10-20 20:37:27'),
	(113, 1, 1, 7, '113 제목', '113 내용', 0, 0, '2024-10-20 16:25:53', '2024-10-20 20:37:27'),
	(114, 1, 1, 7, '114 제목', '114 내용', 0, 0, '2024-10-20 16:25:54', '2024-10-20 20:37:27'),
	(115, 1, 1, 7, '115 제목', '115 내용', 0, 0, '2024-10-20 16:25:55', '2024-10-20 20:37:27'),
	(116, 1, 2, 7, '116 제목', '116 내용', 0, 0, '2024-10-20 16:25:56', '2024-10-20 20:37:27'),
	(117, 1, 1, 7, '117 제목', '117 내용', 0, 0, '2024-10-20 16:25:57', '2024-10-20 20:37:27'),
	(118, 1, 1, 7, '118 제목', '118 내용', 0, 0, '2024-10-20 16:25:58', '2024-10-20 20:37:27'),
	(119, 1, 1, 7, '119 제목', '119 내용', 0, 0, '2024-10-20 16:25:59', '2024-10-20 20:37:27'),
	(120, 1, 1, 7, '120 제목', '120 내용', 0, 0, '2024-10-20 16:26:00', '2024-10-20 20:37:27'),
	(121, 1, 1, 7, '121 제목', '121 내용', 0, 0, '2024-10-20 16:26:01', '2024-10-20 20:37:27'),
	(122, 1, 1, 7, '122 제목', '122 내용', 0, 0, '2024-10-20 16:26:02', '2024-10-20 20:37:27'),
	(123, 1, 1, 7, '123 제목', '123 내용', 0, 0, '2024-10-20 16:26:03', '2024-10-20 20:37:27'),
	(124, 1, 1, 7, '124 제목', '124 내용', 0, 0, '2024-10-20 16:26:04', '2024-10-20 20:37:27'),
	(125, 1, 1, 7, '125 제목', '125 내용', 0, 0, '2024-10-20 16:26:05', '2024-10-20 20:37:27'),
	(126, 1, 1, 7, '126 제목', '126 내용', 0, 0, '2024-10-20 16:26:06', '2024-10-20 20:37:27'),
	(127, 1, 1, 7, '127 제목', '127 내용', 0, 0, '2024-10-20 16:26:07', '2024-10-20 20:37:27'),
	(128, 1, 1, 7, '128 제목', '128 내용', 0, 0, '2024-10-20 16:26:08', '2024-10-20 20:37:27'),
	(129, 1, 1, 7, '129 제목', '129 내용', 0, 0, '2024-10-20 16:26:09', '2024-10-20 20:37:27'),
	(130, 1, 1, 7, '130 제목', '130 내용', 0, 0, '2024-10-20 16:26:10', '2024-10-20 20:37:27'),
	(131, 1, 1, 7, '131 제목', '131 내용', 0, 0, '2024-10-20 16:26:11', '2024-10-20 20:37:27'),
	(132, 1, 1, 7, '132 제목', '132 내용', 0, 0, '2024-10-20 16:26:12', '2024-10-20 20:37:27'),
	(133, 1, 1, 7, '133 제목', '133 내용', 0, 0, '2024-10-20 16:26:13', '2024-10-20 20:37:27'),
	(134, 1, 1, 7, '134 제목', '134 내용', 0, 0, '2024-10-20 16:26:14', '2024-10-20 20:37:27'),
	(135, 1, 1, 7, '135 제목', '135 내용', 0, 0, '2024-10-20 16:26:15', '2024-10-20 20:37:27'),
	(136, 1, 1, 7, '136 제목', '136 내용', 0, 0, '2024-10-20 16:26:16', '2024-10-20 20:37:27'),
	(137, 1, 1, 7, '137 제목', '137 내용', 0, 0, '2024-10-20 16:26:17', '2024-10-20 20:37:27'),
	(138, 1, 1, 7, '138 제목', '138 내용', 0, 0, '2024-10-20 16:26:18', '2024-10-20 20:37:27'),
	(139, 1, 1, 7, '139 제목', '139 내용', 0, 0, '2024-10-20 16:26:19', '2024-10-20 20:37:27'),
	(140, 1, 1, 7, '140 제목', '140 내용', 0, 0, '2024-10-20 16:26:20', '2024-10-20 20:37:27'),
	(141, 1, 1, 7, '141 제목', '141 내용', 0, 0, '2024-10-20 16:26:21', '2024-10-20 20:37:27'),
	(142, 1, 1, 7, '142 제목', '142 내용', 0, 0, '2024-10-20 16:26:22', '2024-10-20 20:37:27'),
	(143, 1, 1, 7, '143 제목', '143 내용', 0, 0, '2024-10-20 16:26:23', '2024-10-20 20:37:27'),
	(144, 1, 1, 7, '144 제목', '144 내용', 0, 0, '2024-10-20 16:26:24', '2024-10-20 20:37:27'),
	(145, 1, 1, 7, '145 제목', '145 내용', 0, 0, '2024-10-20 16:26:25', '2024-10-20 20:37:27'),
	(146, 1, 1, 7, '146 제목', '146 내용', 0, 0, '2024-10-20 16:26:26', '2024-10-20 20:37:27'),
	(147, 1, 1, 7, '147 제목', '147 내용', 0, 0, '2024-10-20 16:26:27', '2024-10-20 20:37:27'),
	(148, 1, 1, 7, '148 제목', '148 내용', 0, 0, '2024-10-20 16:26:28', '2024-10-20 20:37:27'),
	(149, 1, 1, 7, '149 제목', '149 내용', 1, 0, '2024-10-20 16:26:29', '2024-10-20 20:37:27'),
	(150, 1, 1, 7, '150 제목', '150 내용', 0, 0, '2024-10-20 16:26:30', '2024-10-20 20:37:27'),
	(151, 1, 1, 7, '151 제목', '151 내용', 0, 0, '2024-10-20 16:26:31', '2024-10-20 20:37:27'),
	(152, 1, 1, 7, '152 제목', '152 내용', 0, 0, '2024-10-20 16:26:32', '2024-10-20 20:37:27'),
	(153, 1, 1, 7, '153 제목', '153 내용', 0, 0, '2024-10-20 16:26:33', '2024-10-20 20:37:27'),
	(154, 1, 1, 7, '154 제목', '154 내용', 0, 0, '2024-10-20 16:26:34', '2024-10-20 20:37:27'),
	(155, 1, 1, 7, '155 제목', '155 내용', 0, 0, '2024-10-20 16:26:35', '2024-10-20 20:37:27'),
	(156, 1, 1, 7, '156 제목', '156 내용', 0, 0, '2024-10-20 16:26:36', '2024-10-20 20:37:27'),
	(157, 1, 1, 7, '157 제목', '157 내용', 0, 0, '2024-10-20 16:26:37', '2024-10-20 20:37:27'),
	(158, 1, 1, 7, '158 제목', '158 내용', 0, 0, '2024-10-20 16:26:38', '2024-10-20 20:37:27'),
	(159, 1, 1, 7, '159 제목', '159 내용', 0, 0, '2024-10-20 16:26:39', '2024-10-20 20:37:27'),
	(160, 1, 1, 7, '160 제목', '160 내용', 0, 0, '2024-10-20 16:26:40', '2024-10-20 20:37:27'),
	(161, 1, 1, 7, '161 제목', '161 내용', 0, 0, '2024-10-20 16:26:41', '2024-10-20 20:37:27'),
	(162, 1, 1, 7, '162 제목', '162 내용', 0, 0, '2024-10-20 16:26:42', '2024-10-20 20:37:27'),
	(163, 1, 1, 7, '163 제목', '163 내용', 0, 0, '2024-10-20 16:26:43', '2024-10-20 20:37:27'),
	(164, 1, 1, 7, '164 제목', '164 내용', 0, 0, '2024-10-20 16:26:44', '2024-10-20 20:37:27'),
	(165, 1, 1, 7, '165 제목', '165 내용', 0, 0, '2024-10-20 16:26:45', '2024-10-20 20:37:27'),
	(166, 1, 1, 7, '166 제목', '166 내용', 0, 0, '2024-10-20 16:26:46', '2024-10-20 20:37:27'),
	(167, 1, 1, 7, '167 제목', '167 내용', 0, 0, '2024-10-20 16:26:47', '2024-10-20 20:37:27'),
	(168, 1, 1, 7, '168 제목', '168 내용', 0, 0, '2024-10-20 16:26:48', '2024-10-20 20:37:27'),
	(169, 1, 1, 7, '169 제목', '169 내용', 0, 0, '2024-10-20 16:26:49', '2024-10-20 20:37:27'),
	(170, 1, 1, 7, '170 제목', '170 내용', 0, 0, '2024-10-20 16:26:50', '2024-10-20 20:37:27'),
	(171, 1, 1, 7, '171 제목', '171 내용', 0, 0, '2024-10-20 16:26:51', '2024-10-20 20:37:27'),
	(172, 1, 1, 7, '172 제목', '172 내용', 0, 0, '2024-10-20 16:26:52', '2024-10-20 20:37:27'),
	(173, 1, 1, 7, '173 제목', '173 내용', 0, 0, '2024-10-20 16:26:53', '2024-10-20 20:37:27'),
	(174, 1, 1, 7, '174 제목', '174 내용', 0, 0, '2024-10-20 16:26:54', '2024-10-20 20:37:27'),
	(175, 1, 1, 7, '175 제목', '175 내용', 0, 0, '2024-10-20 16:26:55', '2024-10-20 20:37:27'),
	(176, 1, 1, 7, '176 제목', '176 내용', 0, 0, '2024-10-20 16:26:56', '2024-10-20 20:37:27'),
	(177, 1, 1, 7, '177 제목', '177 내용', 0, 0, '2024-10-20 16:26:57', '2024-10-20 20:37:27'),
	(178, 1, 1, 7, '178 제목', '178 내용', 0, 0, '2024-10-20 16:26:58', '2024-10-20 20:37:27'),
	(179, 1, 1, 7, '179 제목', '179 내용', 0, 0, '2024-10-20 16:26:59', '2024-10-20 20:37:27'),
	(180, 1, 1, 7, '180 제목', '180 내용', 0, 0, '2024-10-20 16:27:00', '2024-10-20 20:37:27'),
	(181, 1, 1, 7, '181 제목', '181 내용', 0, 0, '2024-10-20 16:27:01', '2024-10-20 20:37:27'),
	(182, 1, 1, 7, '182 제목', '182 내용', 0, 0, '2024-10-20 16:27:02', '2024-10-20 20:37:27'),
	(183, 1, 1, 7, '183 제목', '183 내용', 0, 0, '2024-10-20 16:27:03', '2024-10-20 20:37:27'),
	(184, 1, 1, 7, '184 제목', '184 내용', 0, 0, '2024-10-20 16:27:04', '2024-10-20 20:37:27'),
	(185, 1, 1, 7, '185 제목', '185 내용', 0, 0, '2024-10-20 16:27:05', '2024-10-20 20:37:27'),
	(186, 1, 1, 7, '186 제목', '186 내용', 0, 0, '2024-10-20 16:27:06', '2024-10-20 20:37:27'),
	(187, 1, 1, 7, '187 제목', '187 내용', 0, 0, '2024-10-20 16:27:07', '2024-10-20 20:37:27'),
	(188, 1, 1, 7, '188 제목', '188 내용', 0, 0, '2024-10-20 16:27:08', '2024-10-20 20:37:27'),
	(189, 1, 1, 7, '189 제목', '189 내용', 0, 0, '2024-10-20 16:27:09', '2024-10-20 20:37:27'),
	(190, 1, 1, 7, '190 제목', '190 내용', 0, 0, '2024-10-20 16:27:10', '2024-10-20 20:37:27'),
	(191, 1, 1, 7, '191 제목', '191 내용', 0, 0, '2024-10-20 16:27:11', '2024-10-20 20:37:27'),
	(192, 1, 1, 7, '192 제목', '192 내용', 0, 0, '2024-10-20 16:27:12', '2024-10-20 20:37:27'),
	(193, 1, 1, 7, '193 제목', '193 내용', 0, 0, '2024-10-20 16:27:13', '2024-10-20 20:37:27'),
	(194, 1, 1, 7, '194 제목', '194 내용', 0, 0, '2024-10-20 16:27:14', '2024-10-20 20:37:27'),
	(195, 1, 1, 7, '195 제목', '195 내용', 0, 0, '2024-10-20 16:27:15', '2024-10-20 20:37:27'),
	(196, 1, 1, 7, '196 제목', '196 내용', 0, 0, '2024-10-20 16:27:16', '2024-10-20 20:37:27'),
	(197, 1, 1, 7, '197 제목', '197 내용', 0, 0, '2024-10-20 16:27:17', '2024-10-20 20:37:27'),
	(198, 1, 1, 7, '198 제목', '198 내용', 0, 0, '2024-10-20 16:27:18', '2024-10-20 20:37:27'),
	(199, 1, 1, 7, '199 제목', '199 내용', 0, 0, '2024-10-20 16:27:19', '2024-10-20 20:37:27'),
	(200, 1, 1, 7, '200 제목', '200 내용', 0, 0, '2024-10-20 16:27:20', '2024-10-20 20:37:27'),
	(201, 1, 1, 7, '201 제목', '201 내용', 0, 0, '2024-10-20 16:27:21', '2024-10-20 20:37:27'),
	(202, 1, 1, 7, '202 제목', '202 내용', 0, 0, '2024-10-20 16:27:22', '2024-10-20 20:37:27'),
	(203, 1, 1, 7, '203 제목', '203 내용', 0, 0, '2024-10-20 16:27:23', '2024-10-20 20:37:27'),
	(204, 1, 1, 7, '204 제목', '204 내용', 0, 0, '2024-10-20 16:27:24', '2024-10-20 20:37:27'),
	(205, 1, 1, 7, '205 제목', '205 내용', 0, 0, '2024-10-20 16:27:25', '2024-10-20 20:37:27'),
	(206, 1, 1, 7, '206 제목', '206 내용', 0, 0, '2024-10-20 16:27:26', '2024-10-20 20:37:27'),
	(207, 1, 1, 7, '207 제목', '207 내용', 0, 0, '2024-10-20 16:27:27', '2024-10-20 20:37:27'),
	(208, 1, 1, 7, '208 제목', '208 내용', 0, 0, '2024-10-20 16:27:28', '2024-10-20 20:37:27'),
	(209, 1, 1, 7, '209 제목', '209 내용', 0, 0, '2024-10-20 16:27:29', '2024-10-20 20:37:27'),
	(210, 1, 1, 7, '210 제목', '210 내용', 0, 0, '2024-10-20 16:27:30', '2024-10-20 20:37:27'),
	(211, 1, 1, 7, '211 제목', '211 내용', 0, 0, '2024-10-20 16:27:31', '2024-10-20 20:37:27'),
	(212, 1, 1, 7, '212 제목', '212 내용', 0, 0, '2024-10-20 16:27:32', '2024-10-20 20:37:27'),
	(213, 1, 1, 7, '213 제목', '213 내용', 0, 0, '2024-10-20 16:27:33', '2024-10-20 20:37:27'),
	(214, 1, 1, 7, '214 제목', '214 내용', 0, 0, '2024-10-20 16:27:34', '2024-10-20 20:37:27'),
	(215, 1, 1, 7, '215 제목', '215 내용', 0, 0, '2024-10-20 16:27:35', '2024-10-20 20:37:27'),
	(216, 1, 1, 7, '216 제목', '216 내용', 0, 0, '2024-10-20 16:27:36', '2024-10-20 20:37:27'),
	(217, 1, 1, 7, '217 제목', '217 내용', 0, 0, '2024-10-20 16:27:37', '2024-10-20 20:37:27'),
	(218, 1, 1, 7, '218 제목', '218 내용', 0, 0, '2024-10-20 16:27:38', '2024-10-20 20:37:27'),
	(219, 1, 1, 7, '219 제목', '219 내용', 0, 0, '2024-10-20 16:27:39', '2024-10-20 20:37:27'),
	(220, 1, 1, 7, '220 제목', '220 내용', 0, 0, '2024-10-20 16:27:40', '2024-10-20 20:37:27'),
	(221, 1, 1, 7, '221 제목', '221 내용', 0, 0, '2024-10-20 16:27:41', '2024-10-20 20:37:27'),
	(222, 1, 1, 7, '222 제목', '222 내용', 0, 0, '2024-10-20 16:27:42', '2024-10-20 20:37:27'),
	(223, 1, 1, 7, '223 제목', '223 내용', 0, 0, '2024-10-20 16:27:43', '2024-10-20 20:37:27'),
	(224, 1, 1, 7, '224 제목', '224 내용', 0, 0, '2024-10-20 16:27:44', '2024-10-20 20:37:27'),
	(225, 1, 1, 7, '225 제목', '225 내용', 0, 0, '2024-10-20 16:27:45', '2024-10-20 20:37:27'),
	(226, 1, 1, 7, '226 제목', '226 내용', 0, 0, '2024-10-20 16:27:46', '2024-10-20 20:37:27'),
	(227, 1, 1, 7, '227 제목', '227 내용', 0, 0, '2024-10-20 16:27:47', '2024-10-20 20:37:27'),
	(228, 1, 1, 7, '228 제목', '228 내용', 0, 0, '2024-10-20 16:27:48', '2024-10-20 20:37:27'),
	(229, 1, 1, 7, '229 제목', '229 내용', 0, 0, '2024-10-20 16:27:49', '2024-10-20 20:37:27'),
	(230, 1, 1, 7, '230 제목', '230 내용', 0, 0, '2024-10-20 16:27:50', '2024-10-20 20:37:27'),
	(231, 1, 1, 7, '231 제목', '231 내용', 0, 0, '2024-10-20 16:27:51', '2024-10-20 20:37:27'),
	(232, 1, 1, 7, '232 제목', '232 내용', 0, 0, '2024-10-20 16:27:52', '2024-10-20 20:37:27'),
	(233, 1, 1, 7, '233 제목', '233 내용', 0, 0, '2024-10-20 16:27:53', '2024-10-20 20:37:27'),
	(234, 1, 1, 7, '234 제목', '234 내용', 0, 0, '2024-10-20 16:27:54', '2024-10-20 20:37:27'),
	(235, 1, 1, 7, '235 제목', '235 내용', 0, 0, '2024-10-20 16:27:55', '2024-10-20 20:37:27'),
	(236, 1, 1, 7, '236 제목', '236 내용', 0, 0, '2024-10-20 16:27:56', '2024-10-20 20:37:27'),
	(237, 1, 1, 7, '237 제목', '237 내용', 0, 0, '2024-10-20 16:27:57', '2024-10-20 20:37:27'),
	(238, 1, 1, 7, '238 제목', '238 내용', 0, 0, '2024-10-20 16:27:58', '2024-10-20 20:37:27'),
	(239, 1, 1, 7, '239 제목', '239 내용', 0, 0, '2024-10-20 16:27:59', '2024-10-20 20:37:27'),
	(240, 1, 1, 7, '240 제목', '240 내용', 0, 0, '2024-10-20 16:28:00', '2024-10-20 20:37:27'),
	(241, 1, 1, 7, '241 제목', '241 내용', 0, 0, '2024-10-20 16:28:01', '2024-10-20 20:37:27'),
	(242, 1, 1, 7, '242 제목', '242 내용', 0, 0, '2024-10-20 16:28:02', '2024-10-20 20:37:27'),
	(243, 1, 1, 7, '243 제목', '243 내용', 0, 0, '2024-10-20 16:28:03', '2024-10-20 20:37:27'),
	(244, 1, 1, 7, '244 제목', '244 내용', 0, 0, '2024-10-20 16:28:04', '2024-10-20 20:37:27'),
	(245, 1, 1, 7, '245 제목', '245 내용', 0, 0, '2024-10-20 16:28:05', '2024-10-20 20:37:27'),
	(246, 1, 1, 7, '246 제목', '246 내용', 0, 0, '2024-10-20 16:28:06', '2024-10-20 20:37:27'),
	(247, 1, 1, 7, '247 제목', '247 내용', 0, 0, '2024-10-20 16:28:07', '2024-10-20 20:37:27'),
	(248, 1, 1, 7, '248 제목', '248 내용', 0, 0, '2024-10-20 16:28:08', '2024-10-20 20:37:27'),
	(249, 1, 1, 7, '249 제목', '249 내용', 0, 0, '2024-10-20 16:28:09', '2024-10-20 20:37:27'),
	(250, 1, 1, 7, '250 제목', '250 내용', 0, 0, '2024-10-20 16:28:10', '2024-10-20 20:37:27'),
	(251, 1, 1, 7, '251 제목', '251 내용', 0, 0, '2024-10-20 16:28:11', '2024-10-20 20:37:27'),
	(252, 1, 1, 7, '252 제목', '252 내용', 0, 0, '2024-10-20 16:28:12', '2024-10-20 20:37:27'),
	(253, 1, 1, 7, '253 제목', '253 내용', 0, 0, '2024-10-20 16:28:13', '2024-10-20 20:37:27'),
	(254, 1, 1, 7, '254 제목', '254 내용', 0, 0, '2024-10-20 16:28:14', '2024-10-20 20:37:27'),
	(255, 1, 1, 7, '255 제목', '255 내용', 0, 0, '2024-10-20 16:28:15', '2024-10-20 20:37:27'),
	(256, 1, 1, 7, '256 제목', '256 내용', 0, 0, '2024-10-20 16:28:16', '2024-10-20 20:37:27'),
	(257, 1, 1, 7, '257 제목', '257 내용', 0, 0, '2024-10-20 16:28:17', '2024-10-20 20:37:27'),
	(258, 1, 1, 7, '258 제목', '258 내용', 0, 0, '2024-10-20 16:28:18', '2024-10-20 20:37:27'),
	(259, 1, 1, 7, '259 제목', '259 내용', 0, 0, '2024-10-20 16:28:19', '2024-10-20 20:37:27'),
	(260, 1, 1, 7, '260 제목', '260 내용', 0, 0, '2024-10-20 16:28:20', '2024-10-20 20:37:27'),
	(261, 1, 1, 7, '261 제목', '261 내용', 0, 0, '2024-10-20 16:28:21', '2024-10-20 20:37:27'),
	(262, 1, 1, 7, '262 제목', '262 내용', 0, 0, '2024-10-20 16:28:22', '2024-10-20 20:37:27'),
	(263, 1, 1, 7, '263 제목', '263 내용', 0, 0, '2024-10-20 16:28:23', '2024-10-20 20:37:27'),
	(264, 1, 1, 7, '264 제목', '264 내용', 0, 0, '2024-10-20 16:28:24', '2024-10-20 20:37:27'),
	(265, 1, 1, 7, '265 제목', '265 내용', 0, 0, '2024-10-20 16:28:25', '2024-10-20 20:37:27'),
	(266, 1, 1, 7, '266 제목', '266 내용', 0, 0, '2024-10-20 16:28:26', '2024-10-20 20:37:27'),
	(267, 1, 1, 7, '267 제목', '267 내용', 0, 0, '2024-10-20 16:28:27', '2024-10-20 20:37:27'),
	(268, 1, 1, 7, '268 제목', '268 내용', 0, 0, '2024-10-20 16:28:28', '2024-10-20 20:37:27'),
	(269, 1, 1, 7, '269 제목', '269 내용', 0, 0, '2024-10-20 16:28:29', '2024-10-20 20:37:27'),
	(270, 1, 1, 7, '270 제목', '270 내용', 0, 0, '2024-10-20 16:28:30', '2024-10-20 20:37:27'),
	(271, 1, 1, 7, '271 제목', '271 내용', 0, 0, '2024-10-20 16:28:31', '2024-10-20 20:37:27'),
	(272, 1, 1, 7, '272 제목', '272 내용', 0, 0, '2024-10-20 16:28:32', '2024-10-20 20:37:27'),
	(273, 1, 1, 7, '273 제목', '273 내용', 0, 0, '2024-10-20 16:28:33', '2024-10-20 20:37:27'),
	(274, 1, 1, 7, '274 제목', '274 내용', 0, 0, '2024-10-20 16:28:34', '2024-10-20 20:37:27'),
	(275, 1, 1, 7, '275 제목', '275 내용', 0, 0, '2024-10-20 16:28:35', '2024-10-20 20:37:27'),
	(276, 1, 1, 7, '276 제목', '276 내용', 0, 0, '2024-10-20 16:28:36', '2024-10-20 20:37:27'),
	(277, 1, 1, 7, '277 제목', '277 내용', 0, 0, '2024-10-20 16:28:37', '2024-10-20 20:37:27'),
	(278, 1, 1, 7, '278 제목', '278 내용', 0, 0, '2024-10-20 16:28:38', '2024-10-20 20:37:27'),
	(279, 1, 1, 7, '279 제목', '279 내용', 0, 0, '2024-10-20 16:28:39', '2024-10-20 20:37:27'),
	(280, 1, 1, 7, '280 제목', '280 내용', 0, 0, '2024-10-20 16:28:40', '2024-10-20 20:37:27'),
	(281, 1, 1, 7, '281 제목', '281 내용', 0, 0, '2024-10-20 16:28:41', '2024-10-20 20:37:27'),
	(282, 1, 1, 7, '282 제목', '282 내용', 0, 0, '2024-10-20 16:28:42', '2024-10-20 20:37:27'),
	(283, 1, 1, 7, '283 제목', '283 내용', 0, 0, '2024-10-20 16:28:43', '2024-10-20 20:37:27'),
	(284, 1, 1, 7, '284 제목', '284 내용', 0, 0, '2024-10-20 16:28:44', '2024-10-20 20:37:27'),
	(285, 1, 1, 7, '285 제목', '285 내용', 0, 0, '2024-10-20 16:28:45', '2024-10-20 20:37:27'),
	(286, 1, 1, 7, '286 제목', '286 내용', 0, 0, '2024-10-20 16:28:46', '2024-10-20 20:37:27'),
	(287, 1, 1, 7, '287 제목', '287 내용', 0, 0, '2024-10-20 16:28:47', '2024-10-20 20:37:27'),
	(288, 1, 1, 7, '288 제목', '288 내용', 0, 0, '2024-10-20 16:28:48', '2024-10-20 20:37:27'),
	(289, 1, 1, 7, '289 제목', '289 내용', 0, 0, '2024-10-20 16:28:49', '2024-10-20 20:37:27'),
	(290, 1, 1, 7, '290 제목', '290 내용', 0, 0, '2024-10-20 16:28:50', '2024-10-20 20:37:27'),
	(291, 1, 1, 7, '291 제목', '291 내용', 0, 0, '2024-10-20 16:28:51', '2024-10-20 20:37:27'),
	(292, 1, 1, 7, '292 제목', '292 내용', 0, 0, '2024-10-20 16:28:52', '2024-10-20 20:37:27'),
	(293, 1, 1, 7, '293 제목', '293 내용', 0, 0, '2024-10-20 16:28:53', '2024-10-20 20:37:27'),
	(294, 1, 1, 7, '294 제목', '294 내용', 0, 0, '2024-10-20 16:28:54', '2024-10-20 20:37:27'),
	(295, 1, 1, 7, '295 제목', '295 내용', 0, 0, '2024-10-20 16:28:55', '2024-10-20 20:37:27'),
	(296, 1, 1, 7, '296 제목', '296 내용', 0, 0, '2024-10-20 16:28:56', '2024-10-20 20:37:27'),
	(297, 1, 1, 7, '297 제목', '297 내용', 0, 0, '2024-10-20 16:28:57', '2024-10-20 20:37:27'),
	(298, 1, 1, 7, '298 제목', '298 내용', 0, 0, '2024-10-20 16:28:58', '2024-10-20 20:37:27'),
	(299, 1, 1, 7, '299 제목', '299 내용', 0, 0, '2024-10-20 16:28:59', '2024-10-20 20:37:27'),
	(300, 1, 1, 7, '300 제목', '300 내용', 0, 0, '2024-10-20 16:29:00', '2024-10-20 20:37:27'),
	(301, 1, 1, 7, '301 제목', '301 내용', 0, 0, '2024-10-20 16:29:01', '2024-10-20 20:37:27'),
	(302, 1, 1, 7, '302 제목', '302 내용', 0, 0, '2024-10-20 16:29:02', '2024-10-20 20:37:27'),
	(303, 1, 1, 7, '303 제목', '303 내용', 0, 0, '2024-10-20 16:29:03', '2024-10-20 20:37:27'),
	(304, 1, 1, 7, '304 제목', '304 내용', 0, 0, '2024-10-20 16:29:04', '2024-10-20 20:37:27'),
	(305, 1, 1, 7, '305 제목', '305 내용', 0, 0, '2024-10-20 16:29:05', '2024-10-20 20:37:27'),
	(306, 1, 1, 7, '306 제목', '306 내용', 0, 0, '2024-10-20 16:29:06', '2024-10-20 20:37:27'),
	(307, 1, 1, 7, '307 제목', '307 내용', 0, 0, '2024-10-20 16:29:07', '2024-10-20 20:37:27'),
	(308, 1, 1, 7, '308 제목', '308 내용', 0, 0, '2024-10-20 16:29:08', '2024-10-20 20:37:27'),
	(309, 1, 1, 7, '309 제목', '309 내용', 0, 0, '2024-10-20 16:29:09', '2024-10-20 20:37:27'),
	(310, 1, 1, 7, '310 제목', '310 내용', 0, 0, '2024-10-20 16:29:10', '2024-10-20 20:37:27'),
	(311, 1, 1, 7, '311 제목', '311 내용', 0, 0, '2024-10-20 16:29:11', '2024-10-20 20:37:27'),
	(312, 1, 1, 7, '312 제목', '312 내용', 0, 0, '2024-10-20 16:29:12', '2024-10-20 20:37:27'),
	(313, 1, 1, 7, '313 제목', '313 내용', 0, 0, '2024-10-20 16:29:13', '2024-10-20 20:37:27'),
	(314, 1, 1, 7, '314 제목', '314 내용', 0, 0, '2024-10-20 16:29:14', '2024-10-20 20:37:27'),
	(315, 1, 1, 7, '315 제목', '315 내용', 0, 0, '2024-10-20 16:29:15', '2024-10-20 20:37:27'),
	(316, 1, 1, 7, '316 제목', '316 내용', 0, 0, '2024-10-20 16:29:16', '2024-10-20 20:37:27'),
	(317, 1, 1, 7, '317 제목', '317 내용', 0, 0, '2024-10-20 16:29:17', '2024-10-20 20:37:27'),
	(318, 1, 1, 7, '318 제목', '318 내용', 0, 0, '2024-10-20 16:29:18', '2024-10-20 20:37:27'),
	(319, 1, 1, 7, '319 제목', '319 내용', 0, 0, '2024-10-20 16:29:19', '2024-10-20 20:37:27'),
	(320, 1, 1, 7, '320 제목', '320 내용', 0, 0, '2024-10-20 16:29:20', '2024-10-20 20:37:27'),
	(321, 1, 1, 7, '321 제목', '321 내용', 0, 0, '2024-10-20 16:29:21', '2024-10-20 20:37:27'),
	(322, 1, 1, 7, '322 제목', '322 내용', 0, 0, '2024-10-20 16:29:22', '2024-10-20 20:37:27'),
	(323, 1, 1, 7, '323 제목', '323 내용', 0, 0, '2024-10-20 16:29:23', '2024-10-20 20:37:27'),
	(324, 1, 1, 7, '324 제목', '324 내용', 0, 0, '2024-10-20 16:29:24', '2024-10-20 20:37:27'),
	(325, 1, 1, 7, '325 제목', '325 내용', 0, 0, '2024-10-20 16:29:25', '2024-10-20 20:37:27'),
	(326, 1, 1, 7, '326 제목', '326 내용', 0, 0, '2024-10-20 16:29:26', '2024-10-20 20:37:27'),
	(327, 1, 1, 7, '327 제목', '327 내용', 0, 0, '2024-10-20 16:29:27', '2024-10-20 20:37:27'),
	(328, 1, 1, 7, '328 제목', '328 내용', 0, 0, '2024-10-20 16:29:28', '2024-10-20 20:37:27'),
	(329, 1, 1, 7, '329 제목', '329 내용', 0, 0, '2024-10-20 16:29:29', '2024-10-20 20:37:27'),
	(330, 1, 1, 7, '330 제목', '330 내용', 0, 0, '2024-10-20 16:29:30', '2024-10-20 20:37:27'),
	(331, 1, 1, 7, '331 제목', '331 내용', 0, 0, '2024-10-20 16:29:31', '2024-10-20 20:37:27'),
	(332, 1, 1, 7, '332 제목', '332 내용', 0, 0, '2024-10-20 16:29:32', '2024-10-20 20:37:27'),
	(333, 1, 1, 7, '333 제목', '333 내용', 0, 0, '2024-10-20 16:29:33', '2024-10-20 20:37:27'),
	(334, 1, 1, 7, '334 제목', '334 내용', 0, 0, '2024-10-20 16:29:34', '2024-10-20 20:37:27'),
	(335, 1, 1, 7, '335 제목', '335 내용', 0, 0, '2024-10-20 16:29:35', '2024-10-20 20:37:27'),
	(336, 1, 1, 7, '336 제목', '336 내용', 0, 0, '2024-10-20 16:29:36', '2024-10-20 20:37:27'),
	(337, 1, 1, 7, '337 제목', '337 내용', 0, 0, '2024-10-20 16:29:37', '2024-10-20 20:37:27'),
	(338, 1, 1, 7, '338 제목', '338 내용', 0, 0, '2024-10-20 16:29:38', '2024-10-20 20:37:27'),
	(339, 1, 1, 7, '339 제목', '339 내용', 0, 0, '2024-10-20 16:29:39', '2024-10-20 20:37:27'),
	(340, 1, 1, 7, '340 제목', '340 내용', 0, 0, '2024-10-20 16:29:40', '2024-10-20 20:37:27'),
	(341, 1, 1, 7, '341 제목', '341 내용', 0, 0, '2024-10-20 16:29:41', '2024-10-20 20:37:27'),
	(342, 1, 1, 7, '342 제목', '342 내용', 0, 0, '2024-10-20 16:29:42', '2024-10-20 20:37:27'),
	(343, 1, 1, 7, '343 제목', '343 내용', 1, 0, '2024-10-20 16:29:43', '2024-10-20 20:37:27'),
	(344, 1, 1, 7, '344 제목', '344 내용', 1, 0, '2024-10-20 16:29:44', '2024-10-20 20:37:27'),
	(345, 1, 1, 7, '345 제목', '345 내용', 0, 0, '2024-10-20 16:29:45', '2024-10-20 20:37:27'),
	(346, 1, 1, 7, '346 제목', '346 내용', 45, 0, '2024-10-20 16:29:46', '2024-10-20 20:37:27'),
	(347, 1, 1, 7, '347 제목', '347 내용', 1, 0, '2024-10-20 16:29:47', '2024-10-20 20:37:27'),
	(348, 1, 1, 7, '348 제목', '348 내용', 0, 0, '2024-10-20 16:29:48', '2024-10-20 20:37:27'),
	(349, 1, 1, 7, '349 제목', '349 내용', 0, 0, '2024-10-20 16:29:49', '2024-10-20 20:37:27'),
	(350, 1, 1, 7, '350 제목', '350 내용', 0, 0, '2024-10-20 16:29:50', '2024-10-20 20:37:27'),
	(351, 1, 1, 7, '351 제목', '351 내용', 0, 0, '2024-10-20 16:29:51', '2024-10-20 20:37:27'),
	(352, 1, 1, 7, '352 제목', '352 내용', 0, 0, '2024-10-20 16:29:52', '2024-10-20 20:37:27'),
	(353, 1, 1, 7, '353 제목', '353 내용', 0, 0, '2024-10-20 16:29:53', '2024-10-20 20:37:27'),
	(354, 1, 1, 7, 'ㅎㅎ', 'ㅋㅋ', 1, 0, '2024-10-21 13:21:49', '2024-10-21 13:21:49'),
	(355, 1, 1, 7, 'test', '1111', 55, 0, '2024-10-21 22:59:59', '2024-10-21 22:59:59'),
	(356, 1, 1, 7, 'test1023', 'test1023', 16, 0, '2024-10-23 13:28:04', '2024-10-23 13:28:04');

-- 테이블 comma.post_like 구조 내보내기
CREATE TABLE IF NOT EXISTS `post_like` (
  `post_like_key` bigint(20) NOT NULL AUTO_INCREMENT,
  `user_key` bigint(20) NOT NULL,
  `post_key` bigint(20) NOT NULL,
  `created_at` timestamp NULL DEFAULT current_timestamp(),
  PRIMARY KEY (`post_like_key`),
  KEY `user_key` (`user_key`),
  KEY `post_key` (`post_key`),
  CONSTRAINT `post_like_ibfk_1` FOREIGN KEY (`user_key`) REFERENCES `user` (`user_key`),
  CONSTRAINT `post_like_ibfk_2` FOREIGN KEY (`post_key`) REFERENCES `post` (`post_key`)
) ENGINE=InnoDB AUTO_INCREMENT=5 DEFAULT CHARSET=utf8mb4 COLLATE=utf8mb4_bin;

-- 테이블 데이터 comma.post_like:~4 rows (대략적) 내보내기
INSERT IGNORE INTO `post_like` (`post_like_key`, `user_key`, `post_key`, `created_at`) VALUES
	(1, 7, 355, '2024-10-22 19:17:57'),
	(2, 7, 356, '2024-10-23 13:37:43'),
	(3, 9, 356, '2024-10-23 13:39:16'),
	(4, 9, 356, '2024-10-23 13:39:16');

-- 테이블 comma.shelter 구조 내보내기
CREATE TABLE IF NOT EXISTS `shelter` (
  `shelter_key` bigint(20) NOT NULL AUTO_INCREMENT,
  `name` varchar(255) NOT NULL,
  `url` varchar(255) NOT NULL,
  `image` blob DEFAULT NULL,
  `status` int(11) NOT NULL DEFAULT 0 COMMENT '0: 사용\r\n1: 미사용',
  `created_at` timestamp NULL DEFAULT current_timestamp(),
  `updated_at` timestamp NULL DEFAULT current_timestamp() ON UPDATE current_timestamp(),
  PRIMARY KEY (`shelter_key`),
  UNIQUE KEY `url` (`url`)
) ENGINE=InnoDB AUTO_INCREMENT=3 DEFAULT CHARSET=utf8mb4 COLLATE=utf8mb4_bin;

-- 테이블 데이터 comma.shelter:~2 rows (대략적) 내보내기
INSERT IGNORE INTO `shelter` (`shelter_key`, `name`, `url`, `image`, `status`, `created_at`, `updated_at`) VALUES
	(1, '메이플스토리', 'maple', NULL, 0, '2024-10-19 14:45:22', '2024-10-19 14:45:58'),
	(2, '콤마', 'comma', NULL, 0, '2024-10-24 21:04:45', '2024-10-24 21:04:45');

-- 테이블 comma.shelter_like 구조 내보내기
CREATE TABLE IF NOT EXISTS `shelter_like` (
  `shelter_like_key` bigint(20) NOT NULL AUTO_INCREMENT,
  `user_key` bigint(20) NOT NULL,
  `shelter_key` bigint(20) NOT NULL,
  `created_at` timestamp NULL DEFAULT current_timestamp(),
  PRIMARY KEY (`shelter_like_key`),
  KEY `user_key` (`user_key`),
  KEY `shelter_key` (`shelter_key`),
  CONSTRAINT `shelter_like_ibfk_1` FOREIGN KEY (`user_key`) REFERENCES `user` (`user_key`),
  CONSTRAINT `shelter_like_ibfk_2` FOREIGN KEY (`shelter_key`) REFERENCES `shelter` (`shelter_key`)
) ENGINE=InnoDB AUTO_INCREMENT=21 DEFAULT CHARSET=utf8mb4 COLLATE=utf8mb4_bin;

-- 테이블 데이터 comma.shelter_like:~1 rows (대략적) 내보내기
INSERT IGNORE INTO `shelter_like` (`shelter_like_key`, `user_key`, `shelter_key`, `created_at`) VALUES
	(20, 7, 1, '2024-10-22 20:45:27');

-- 테이블 comma.tag 구조 내보내기
CREATE TABLE IF NOT EXISTS `tag` (
  `tag_key` bigint(20) NOT NULL AUTO_INCREMENT,
  `category_key` bigint(20) NOT NULL,
  `title` varchar(255) NOT NULL,
  `created_at` timestamp NULL DEFAULT current_timestamp(),
  PRIMARY KEY (`tag_key`),
  KEY `category_key` (`category_key`),
  CONSTRAINT `tag_ibfk_1` FOREIGN KEY (`category_key`) REFERENCES `category` (`category_key`)
) ENGINE=InnoDB AUTO_INCREMENT=14 DEFAULT CHARSET=utf8mb4 COLLATE=utf8mb4_bin;

-- 테이블 데이터 comma.tag:~12 rows (대략적) 내보내기
INSERT IGNORE INTO `tag` (`tag_key`, `category_key`, `title`, `created_at`) VALUES
	(1, 1, '공지1-1', '2024-10-19 17:22:43'),
	(2, 1, '공지1-2', '2024-10-19 17:22:51'),
	(3, 2, '공지2-1', '2024-10-19 17:22:51'),
	(4, 2, '공지2-2', '2024-10-19 17:22:51'),
	(5, 3, '공지3-1', '2024-10-19 17:22:51'),
	(6, 3, '공지3-2', '2024-10-19 17:22:51'),
	(8, 4, '41', '2024-10-19 17:22:51'),
	(9, 4, '42', '2024-10-19 17:22:51'),
	(10, 5, '51', '2024-10-19 17:22:51'),
	(11, 5, '52', '2024-10-19 17:22:51'),
	(12, 6, '61', '2024-10-19 17:22:51'),
	(13, 6, '62', '2024-10-19 17:22:51');

-- 테이블 comma.user 구조 내보내기
CREATE TABLE IF NOT EXISTS `user` (
  `user_key` bigint(20) NOT NULL AUTO_INCREMENT,
  `user_id` varchar(255) NOT NULL,
  `password` varchar(255) NOT NULL,
  `status` int(11) NOT NULL DEFAULT 0 COMMENT '0: 정상\r\n1: 탈퇴\r\n2: 정지',
  `point` int(11) NOT NULL DEFAULT 0,
  `cash` int(11) NOT NULL DEFAULT 0,
  `role` int(11) NOT NULL DEFAULT 0 COMMENT '0: user\r\n1: admin',
  `nickname` varchar(255) DEFAULT NULL,
  `level` int(11) DEFAULT 1,
  `exp` int(11) DEFAULT 0,
  `last_login` timestamp NULL DEFAULT NULL,
  `created_at` timestamp NULL DEFAULT current_timestamp(),
  `updated_at` timestamp NULL DEFAULT current_timestamp() ON UPDATE current_timestamp(),
  PRIMARY KEY (`user_key`)
) ENGINE=InnoDB AUTO_INCREMENT=10 DEFAULT CHARSET=utf8mb4 COLLATE=utf8mb4_bin;

-- 테이블 데이터 comma.user:~3 rows (대략적) 내보내기
INSERT IGNORE INTO `user` (`user_key`, `user_id`, `password`, `status`, `point`, `cash`, `role`, `nickname`, `level`, `exp`, `last_login`, `created_at`, `updated_at`) VALUES
	(7, 'sunja95', 'qkqh211!', 0, 0, 0, 1, '선재', 1, 0, '2024-10-23 21:34:32', '2024-10-20 14:28:58', '2024-10-21 15:53:39'),
	(8, 'admin0224', 'qwer1234!', 0, 0, 0, 0, '선재써', 1, 0, '2024-10-23 13:21:56', '2024-10-23 13:21:56', '2024-10-23 13:21:56'),
	(9, 'sunjae0924', 'qkqh211!', 0, 0, 0, 0, '선재쓰', 1, 0, '2024-10-23 13:39:07', '2024-10-23 13:39:07', '2024-10-23 13:39:07');

-- 테이블 comma.user_badge 구조 내보내기
CREATE TABLE IF NOT EXISTS `user_badge` (
  `user_badge_key` bigint(20) NOT NULL AUTO_INCREMENT,
  `badge_key` bigint(20) NOT NULL,
  `user_key` bigint(20) NOT NULL,
  `created_at` timestamp NULL DEFAULT current_timestamp(),
  PRIMARY KEY (`user_badge_key`),
  KEY `badge_key` (`badge_key`),
  KEY `user_key` (`user_key`),
  CONSTRAINT `user_badge_ibfk_1` FOREIGN KEY (`badge_key`) REFERENCES `badge` (`badge_key`),
  CONSTRAINT `user_badge_ibfk_2` FOREIGN KEY (`user_key`) REFERENCES `user` (`user_key`)
) ENGINE=InnoDB AUTO_INCREMENT=9 DEFAULT CHARSET=utf8mb4 COLLATE=utf8mb4_bin;

-- 테이블 데이터 comma.user_badge:~8 rows (대략적) 내보내기
INSERT IGNORE INTO `user_badge` (`user_badge_key`, `badge_key`, `user_key`, `created_at`) VALUES
	(1, 6, 7, '2024-10-21 20:38:31'),
	(2, 7, 7, '2024-10-21 20:38:31'),
	(3, 8, 7, '2024-10-21 20:38:31'),
	(4, 9, 7, '2024-10-21 20:38:31'),
	(5, 10, 7, '2024-10-21 20:38:31'),
	(6, 11, 7, '2024-10-21 20:38:31'),
	(7, 12, 7, '2024-10-21 20:38:31'),
	(8, 13, 7, '2024-10-21 20:38:31');

/*!40103 SET TIME_ZONE=IFNULL(@OLD_TIME_ZONE, 'system') */;
/*!40101 SET SQL_MODE=IFNULL(@OLD_SQL_MODE, '') */;
/*!40014 SET FOREIGN_KEY_CHECKS=IFNULL(@OLD_FOREIGN_KEY_CHECKS, 1) */;
/*!40101 SET CHARACTER_SET_CLIENT=@OLD_CHARACTER_SET_CLIENT */;
/*!40111 SET SQL_NOTES=IFNULL(@OLD_SQL_NOTES, 1) */;
